<?xml version="1.0" encoding="UTF-8"?>
<project-private xmlns="http://www.netbeans.org/ns/project-private/1">
    <editor-bookmarks xmlns="http://www.netbeans.org/ns/editor-bookmarks/2" lastBookmarkId="0"/>
    <open-files xmlns="http://www.netbeans.org/ns/projectui-open-files/2">
        <group>
            <file>file:/D:/Kuliah/Semester%203/5.%20Kamis%20-%20OOP/Tugas%20Kelompok/Tugas-OOP/Tugas-Kelompok-6/SistemParkir/src/StrukturData/DaftarKendaraan.java</file>
            <file>file:/D:/Kuliah/Semester%203/5.%20Kamis%20-%20OOP/Tugas%20Kelompok/Tugas-OOP/Tugas-Kelompok-6/SistemParkir/src/App/SistemParkir.java</file>
            <file>file:/D:/Kuliah/Semester%203/5.%20Kamis%20-%20OOP/Tugas%20Kelompok/Tugas-OOP/Tugas-Kelompok-6/SistemParkir/src/StrukturData/Person.java</file>
            <file>file:/D:/Kuliah/Semester%203/5.%20Kamis%20-%20OOP/Tugas%20Kelompok/Tugas-OOP/Tugas-Kelompok-6/SistemParkir/src/KendaraanPackage/Kendaraan.java</file>
        </group>
    </open-files>
</project-private>
