<?xml version="1.0" encoding="UTF-8"?>
<project-private xmlns="http://www.netbeans.org/ns/project-private/1">
    <editor-bookmarks xmlns="http://www.netbeans.org/ns/editor-bookmarks/2" lastBookmarkId="0"/>
    <open-files xmlns="http://www.netbeans.org/ns/projectui-open-files/2">
        <group>
            <file>file:/D:/TugasPeroranganParkir/RentalMobil_GUI/src/code/Koneksi.java</file>
            <file>file:/D:/TugasPeroranganParkir/RentalMobil_GUI/src/GUI/login.java</file>
            <file>file:/D:/TugasPeroranganParkir/RentalMobil_GUI/src/code/Pelanggan.java</file>
            <file>file:/D:/TugasPeroranganParkir/RentalMobil_GUI/src/GUI/user.java</file>
            <file>file:/D:/TugasPeroranganParkir/RentalMobil_GUI/src/GUI/admin.java</file>
            <file>file:/D:/TugasPeroranganParkir/RentalMobil_GUI/src/code/Main.java</file>
        </group>
    </open-files>
</project-private>
