"SandiDosen","NamaDosen","Golongan","Pendidikan","BidangKajian"
"D03B10002","R. Sudrajat","3C","S2","DBMS, Operation Research"
"D03B10003","Ino Suryana","3D","S2","Analysis Numerical Methods, Parallel Programming, Scientific Computer"
"D03B10007","Juli Rejito","3D","S3","DBMS, Image Retrieval, Inf. Systems"
"D03B10009","Deni Setiana","3C","S2","Computer Network Mng, Computer Network Security, IoT"
"D03C10003","Akik Hidayat","4A","S2","Cryptography, Scientific Computing"
"D03C10005","Asep Sholahuddin","3D","S3","Artificial Intelegence, Robotics"
"D03C10007","Rudi Rosadi","3C","S2","Computer Networking, Web Programming"
"D10A10004","Atje Setiawan Abdullah ","4C","S3","MIS, Software Eng, Data Mining"
"D10A10013","Setiawan Hadi","4A","S3","Biometric, Computer Vision, Image Processing"
"D10A10017","Akmal ","3D","S2","Algorithms, Image Processing"
"D10H10003","Aditya Pradana ","3B","S2","Computer Networking, Mobile Comp., Web Dev."
"D10H10004","Intan Nurma Yulita ","3D","S3","Deep Learning, Machine Learning"
"D10H1005","Afrida Helen    ","3D","S3","Algorithms, Data Mining"
