"KodeMK","NamaMK","SKS","Semester","JenisMK","RPS"
"D10A.1201","Kalkulus I","3","01","MKDK","RPS-06"
"D10A.2201","Kalkulus II","3","02","MKDK","RPS-11"
"D10E.2201","Statistika","2","02","MKDK","RPS-13"
"D10G.1201","Logika Informatika","3","01","MKDK","RPS-07"
"D10G.1202","Algoritma & Pemrograman","3","01","MKDK","RPS-08"
"D10G.1203","Pengantar Tek. Komputer & Informatika","3","01","MKDK","RPS-05"
"D10G.2201","Struktur Data","3","02","MKDK","RPS-14"
"D10G.2202","Arsitektur & Organisasi Komputer","3","02","MKDK","RPS-15"
"D10G.2203","Sistem Database I","3","02","MKDK","RPS-16"
"D10H.2201","Fisika Informatika","3","02","MKDK","RPS-12"
"UNX10.1001","Agama ","2","01","MKDU","RPS-01"
"UNX10.1002","Pancasila","2","01","MKDU","RPS-02"
"UNX10.1003","Bahasa Indonesia","2","01","MKDU","RPS-03"
"UNX10.1004","OKK","3","01","MKDU","RPS-04"
"UNX10.2001","Bahasa Inggris I","2","02","MKDU","RPS-09"
"UNX10.2002","Kewarganegaraan","2","02","MKDU","RPS-10"
