"NPM","Nama","TptLhr","TglLhr","JK","Alamat","DosenWali"
"140810210001","Oriex Mawan Junnior","TANGERANG","07/09/2003","Laki-laki","JL. Kampung babakan","D10A10004"
"140810210002","Elang Al majid","BATAM","12/03/2003","Laki-laki","JL. RAJAWALI","D10A10004"
"140810210003","Muhammad Ikhsan Fadhilah","BOGOR","07/12/2002","Laki-laki","Griya Bukit Jaya Blok T8","D10A10004"
"140810210004","Rizky Ramadhan Sudjarmono","BANDUNG","09/10/2004","Laki-laki","Jalan Bungur VI Bumi Panyawangan","D10A10004"
"140810210005","Aliya Rahmania","BANDUNG","08/08/2003","Perempuan","Taman Kopo Indah 1 Blok i No. 101","D10A10004"
"140810210006","Glory Cornelia Patining Kurik","SURAKARTA","26/04/2003","Perempuan","Taman Rahayu 3 blok A1","D10A10004"
"140810210007","FELICIA NATANIA LINGGA","JAKARTA","11/06/2003","Perempuan","KLP MOLEK VII BLOK P1/2","D03B10007"
"140810210008","Nabila Sa'diyyah Ahmadi","BUKITTINGGI","20/03/2003","Perempuan","BANTO JORONG TANJUNG MEDAN","D03B10007"
"140810210009","Ardes Zubka Putra","BATANG","28/12/2003","Laki-laki","Jalan Anggrek Asri 2, PISMA GRIYA ASRI BLOK D NO 21","D03B10007"
"140810210010","Muhammad Dzikri Alfian Zahir","BANDUNG","23/10/2002","Laki-laki","Jl. Kembar Mas Barat","D03B10007"
"140810210011","Chienta Fleury Mahathereysa","Blora","05/02/2003","Perempuan","The Avani Lavanya Ammarila Blok C1 No 2 BSD Tangerang","D03B10007"
"140810210012","Aryan Dafi Maulana","BANDUNG","01/04/2003","Laki-laki","PERUM TAMAN NUSA CITRA BLOK F NO 8","D03B10007"
"140810210013","Muhammad Giat","PADANG","03/05/2003","Laki-laki","JL.DR SUTOMO","D10A10013"
"140810210014","Abyan Shidqi Hidayat","DENPASAR","02/03/2003","Laki-laki","Komplek BI Jl. Jemur Andayani V","D10A10013"
"140810210015","Amir Salim","JAKARTA","25/01/2003","Laki-laki","Grandwisata Water Spring BD 10/3  Kel. Lambang Jaya Kec. Tambun Selatan Bekasi","D10A10013"
"140810210016","Frederick James Prakoso","BEKASI","02/07/2003","Laki-laki","Taman Sentosa Blok B-1","D10A10013"
"140810210017","Adinda Salsabila","BANDA ACEH","28/01/2004","Perempuan","Syiah Kuala","D10A10013"
"140810210018","Luthfi Ramadhan","BOGOR","24/11/2003","Laki-laki","Bukit Cimanggu CIty Blok U11 No.4","D10A10013"
"140810210019","Raditya Muhamad Lacavi","JAKARTA","18/12/2003","Laki-laki","Jl. Bendi Besar B1","D03C10005"
"140810210020","Devina Dixie","BEKASI","14/09/2003","Perempuan","Jl. Baung Raya","D03C10005"
"140810210021","Mohammad Zidan Yohanza","PEKANBARU","26/12/2002","Laki-laki","JL.PARKIT VIII BLOK H NO.215","D03C10005"
"140810210022","Lussy Maria Lubis","PARSOBURAN","17/04/2003","Perempuan","Jln. Lumban Rau Hutaginjang","D03C10005"
"140810210023","Azka Rezky Pratama","SIGLI","13/11/2002","Laki-laki","ASPOL 2 POLRES KUANTAN SINGINGI Jalan Proklamasi","D03C10005"
"140810210024","David Wijaya","PEKANBARU","23/08/2003","Laki-laki","JL. Kaharuddin NST","D03C10005"
"140810210025","Shafira Ramadhina Adifa","JAKARTA","02/12/2002","Perempuan","Jalan Bojana Tirta X Blok C No.6","D10H10004"
"140810210026","Guntur Eka Putra","DEPOK","20/10/2001","Laki-laki","JL AL HIKMAH KP RAWADENOK","D10H10004"
"140810210028","Ken Almayda Fathurrahman","BEKASI","02/06/2001","Laki-laki","Jalan aster raya no 6 tLH Lippo","D10H10004"
"140810210029","Rifqi Muhadzib Ahdan","BATAM","03/10/2002","Laki-laki","Jl. Metland Cileungsi Sektor 6","D10H10004"
"140810210030","Chairal Octavyanz T","SUMEDANG","25/10/2002","Laki-laki","Botani III","D10H1005"
"140810210031","Barin Syams Kusuma","TASIKMALAYA","13/09/2003","Laki-laki","Jl. Setra Dago V No. 20","D10H1005"
"140810210032","Dandy Erlangga Aryaputra","KUTACANE","18/10/2002","Laki-laki","Jalan Teluk Buyung Kaler No.6","D10H1005"
"140810210033","Mohammad Sulaeman","KUWAIT","04/10/2003","Laki-laki","Jalan adam Malik","D10H1005"
"140810210034","Musaddad","UJUNG GADING","01/05/2003","Laki-laki","Jalan Sumba","D10H1005"
"140810210035","Aliya Sania","BANDAR LAMPUNG","27/11/2003","Perempuan","Jalan Sanur Blok C","D03C10003"
"140810210036","Dheary Zikri Muhammad","CILACAP","04/12/2003","Laki-laki","Jl. Dayung II","D03C10003"
"140810210037","Qurrota Ayuni Qamra Ariva","SERANG","21/07/2003","Laki-laki","JL. G. KERINCI V CIUJUNG CITY","D03C10003"
"140810210039","Ibrahim Dafi Iskandar","BANDUNG","21/01/2004","Laki-laki","villa bandung indah cluster cengkeh block c no.2","D03C10003"
"140810210040","Raihan Muhammad Fuad Amin","Bandung","17/08/2003","Laki-laki","Dusun Banyumukti","D03B10002"
"140810210041","Muhammad Fauzan Azhiima","BANDUNG","18/05/2004","Laki-laki","Jl. Kiara Sari VI No.6","D03B10002"
"140810210042","Dhifan Fadhilah Aditya","BANDUNG","12/07/2003","Laki-laki","JL. KEBON GEDANG","D03B10002"
"140810210045","Maggie Zeta Rosida Simangunsong","KOTA MEDAN","09/03/2004","Perempuan","Jalan Krukut Lio","D03B10003"
"140810210046","Fakhri Fajar Ramadhan","BANDUNG","16/10/2003","Laki-laki","Jl. Sekepanjang 1","D03B10003"
"140810210047","Alifian Latif Muksit","CIREBON","27/03/2003","Laki-laki","PERUM. AL-ISLAM","D03B10003"
"140810210048","Akmal Azzary Megaputra","Kota Bandung","04/05/2003","Laki-laki","Jalan Cisaranten Baru No.10","D03B10003"
"140810210049","Lazia Firli Adlisnandar","BANDUNG","06/12/2002","Laki-laki","Telokdengklok","D03B10003"
"140810210050","Hudzaifah Al Mutaz Billah","SELANGOR MALAYSIA","12/02/2004","Laki-laki","JL. UTAMA D. L. D PERUM. DEMANG NINGRAT BLOK D","D10A10017"
"140810210051","Satria Alief Putra Hidayat","BEKASI","07/01/2004","Laki-laki","Bekasi Permai Blok BG No.18","D10A10017"
"140810210052","MUHAMMAD RAKHA AL ROVI","BANDAR LAMPUNG","23/05/2003","Laki-laki","JL.IMAM BONJOL GG.H ABDUL MUIS TUAN RIA NO.84 BATU KALAM","D10A10017"
"140810210053","Hermanu Widyatama","JAKARTA","11/07/2003","Laki-laki","Visar Indah Pratama 1 Blok VA 10 No 07 RT 05 RW 12","D10A10017"
"140810210054","shanzelig putra wijaya","PALEMBANG","18/08/2003","Laki-laki","Jalan Kemuning ","D10A10017"
"140810210055","Varian Avila Faldi","SUKOHARJO","26/04/2003","Laki-laki","Permata Purbayan 2 No.9","D03B10009"
"140810210056","Daffa Yusranizar Arrifi","SUMBAWA BESAR","28/12/2002","Laki-laki","PPN BUKIT INDAH GG. SAWO NO.7","D03B10009"
"140810210057","RAKHA FARRAS MAULANA","YOGYAKARTA","05/09/2003","Laki-laki","Grand Wisata Cluster Water Garden Blok BH6 No.5 RT.01/RW.10 Tambun Selatan","D03B10009"
"140810210058","Muhammad Naufal Nur Ramadhan","BANDUNG","21/11/2003","Laki-laki","Jl.Kopo Gg.Pabrik Kulit Selatan","D03B10009"
"140810210059","Prames Ray Lapian","JAKARTA","16/03/2004","Laki-laki","Jl. Kebon Baru Gg. 1 R No 38","D03B10009"
"140810210060","Gilman Nahdi Al-Fathir","PALOPO","23/07/2002","Laki-laki","Jl. Lasalima","D03C10007"
"140810210061","Nazhifuddin Akmal","PURWOKERTO","03/12/2002","Laki-laki","Jl. Swadaya ","D03C10007"
"140810210062","AHMAD YAZID GHOSSANI","SRAGEN","30/12/2003","Laki-laki","Ngroto Krajan RT. 22 Tegaldowo Gemolong Sragen Jawa Tengah","D03C10007"
"140810210063","Sarah Khairunnisa Prihantoro","JAKARTA","10/05/2003","Perempuan","Kota Wisata pesona Madrid","D03C10007"
"140810210064","Dimas Falah Arianto Wibisono","JAKARTA","30/05/2003","Laki-laki","JL.Wangkal no.7 RT 005 RW 006 Pondok Labu Jakarta Selatan","D03C10007"
"140810210065","Zakia Noorardini","JAKARTA","02/08/2003","Perempuan","Perumahan Graha Indah Blok A29/2 RT 007/013 Jalan Slamet KOTA BEKASI JATIASIH JAWA BARAT","D10H10003"
"140810210066","Sultan Ali Ilyasa","BEKASI","13/03/2003","Laki-laki","Perumahan Tytyan Kencana Jalan Sultan Ageng Tirtayasa 2","D10H10003"
"140810210067","Raffanisa Kamila Zikri","BANDUNG","22/02/2004","Perempuan","Jl. Cipta Graha","D10H10003"
"140810210068","Bintang Arya Pramudya","BANDUNG","26/12/2002","Laki-laki","Jl.Kiara Sari","D10H10003"
"140810217001","ANDREW ORISAR BOEKORSYOM","KOTA SORONG","25/03/2003","Laki-laki","JL.NUSANTARA KPR BPD","D10H10003"
